Model,Metric,Score
LogisticRegression,Accuracy,0.7383333333333333
LogisticRegression,Precision (Macro),0.5676573608739911
LogisticRegression,Recall (Macro),0.5939905197436632
LogisticRegression,F1-Score (Macro),0.5672423374513743
DecisionTree,Accuracy,0.9091666666666667
DecisionTree,Precision (Macro),0.8614569157105324
DecisionTree,Recall (Macro),0.8658363459550088
DecisionTree,F1-Score (Macro),0.8636082144981204
RandomForest,Accuracy,0.9325
RandomForest,Precision (Macro),0.9289292593645172
RandomForest,Recall (Macro),0.8674346975380263
RandomForest,F1-Score (Macro),0.8931117931265907
GradientBoosting,Accuracy,0.7975
GradientBoosting,Precision (Macro),0.8096657390843438
GradientBoosting,Recall (Macro),0.5630063879255887
GradientBoosting,F1-Score (Macro),0.5535634741959301
SVM,Accuracy,0.7791666666666667
SVM,Precision (Macro),0.7017452541334966
SVM,Recall (Macro),0.536910423921205
SVM,F1-Score (Macro),0.5364982307861622
XGBoost,Accuracy,0.925
XGBoost,Precision (Macro),0.8959464149945456
XGBoost,Recall (Macro),0.8749740558287588
XGBoost,F1-Score (Macro),0.8840628252483872
